participant_number,quadruplet,n_correct,n_mistaken,n_abdicated,n_total,error_rate,median_choice_rt,median_prediction_rt
1,SMSS,4.0,0.0,0.0,4.0,0.0,6.842356205,
1,MMMS,1.0,3.0,0.0,4.0,0.75,3.8931905035000005,6.419955969
1,MSMS,0.0,4.0,0.0,4.0,1.0,5.013394475,
1,MMMM,4.0,0.0,0.0,4.0,0.0,5.5702836510000004,7.3618189095
1,SMSM,2.0,2.0,0.0,4.0,0.5,4.1246101855,3.8053638935
1,MSMM,3.0,1.0,0.0,4.0,0.25,6.369739294,7.055175543
1,SSSM,1.0,3.0,0.0,4.0,0.75,4.0369780065,5.804836273
1,SSSS,2.0,2.0,0.0,4.0,0.5,6.1813693045,6.8231475355
2,MSMS,1.0,1.0,2.0,4.0,0.5,2.684649825,5.000745177
2,SSSS,1.0,3.0,0.0,4.0,0.75,1.931506276,3.630865335
2,SMSM,1.0,3.0,0.0,4.0,0.75,1.5206307175,2.487300158
2,SSSM,0.0,4.0,0.0,4.0,1.0,3.017421961,3.850316167
2,MSMM,4.0,0.0,0.0,4.0,0.0,2.054955721,3.396122813
2,SMSS,0.0,4.0,0.0,4.0,1.0,2.3393805025,3.3393805025
2,MMMS,3.0,1.0,0.0,4.0,0.25,2.287820935,3.614448547
2,MMMM,2.0,2.0,0.0,4.0,0.5,1.6143689155,2.5705589055
3,SSSM,3.0,1.0,0.0,4.0,0.25,1.1212608815,3.47516489
3,MSMM,2.0,2.0,0.0,4.0,0.5,1.1749026775,2.1991244555
3,MSMS,1.0,3.0,0.0,4.0,0.75,3.923559427,8.444743633
3,SMSS,4.0,0.0,0.0,4.0,0.0,1.1793512105000001,
3,SSSS,3.0,1.0,0.0,4.0,0.25,1.5798540115,2.935826778
3,MMMS,0.0,4.0,0.0,4.0,1.0,1.2029961345,
3,MMMM,1.0,3.0,0.0,4.0,0.75,0.958987951,2.942402124
3,SMSM,3.0,1.0,0.0,4.0,0.25,0.805454016,6.091407299
4,SMSM,0.0,4.0,0.0,4.0,1.0,2.0592591765,3.0592591765000003
4,SSSS,3.0,1.0,0.0,4.0,0.25,2.0538730625,4.999814034
4,SMSS,2.0,2.0,0.0,4.0,0.5,3.356281638,5.4399096965
4,MSMS,2.0,2.0,0.0,4.0,0.5,1.6051874160000001,3.251715064
4,MSMM,3.0,1.0,0.0,4.0,0.25,3.6797171834999998,5.86631012
4,MMMS,1.0,3.0,0.0,4.0,0.75,3.7917515040000005,4.487027884
4,MMMM,4.0,0.0,0.0,4.0,0.0,2.344545007,3.8857705595
4,SSSM,2.0,0.0,2.0,4.0,0.0,2.481364727,5.246762037
5,MMMM,3.0,1.0,0.0,4.0,0.25,1.7362253669999999,3.290076494
5,SSSS,1.0,3.0,0.0,4.0,0.75,1.3735707995,2.786375284
5,MSMS,2.0,2.0,0.0,4.0,0.5,2.0718619825,3.9588921069999996
5,MSMM,4.0,0.0,0.0,4.0,0.0,2.0148580075,3.5148580075
5,SMSM,0.0,4.0,0.0,4.0,1.0,1.566459775,2.3855952025000002
5,SSSM,2.0,2.0,0.0,4.0,0.5,2.216332197,3.027760625
5,SMSS,1.0,1.0,2.0,4.0,0.5,2.014833212,6.485646963000001
5,MMMS,2.0,1.0,1.0,4.0,0.3333333333333333,1.874724865,4.476789117
6,SMSM,1.0,3.0,0.0,4.0,0.75,1.407716751,2.618037939
6,SSSM,1.0,3.0,0.0,4.0,0.75,1.6412787435,2.764910221
6,MSMS,4.0,0.0,0.0,4.0,0.0,1.325817108,2.1970818039999997
6,MSMM,4.0,0.0,0.0,4.0,0.0,1.7089128494999999,2.2893992665000003
6,SSSS,1.0,3.0,0.0,4.0,0.75,2.1460243465,2.847751856
6,MMMM,3.0,1.0,0.0,4.0,0.25,2.211179614,3.063748121
6,MMMS,1.0,3.0,0.0,4.0,0.75,2.3842146394999997,1.429881096
6,SMSS,2.0,2.0,0.0,4.0,0.5,1.729240656,1.548951745
7,MMMS,3.0,1.0,0.0,4.0,0.25,4.1708710195,4.269514799
7,SMSS,3.0,1.0,0.0,4.0,0.25,7.3218598365,5.684597492
7,SSSM,2.0,2.0,0.0,4.0,0.5,5.349788308,7.332875371
7,SSSS,4.0,0.0,0.0,4.0,0.0,8.5798540115,
7,MSMS,4.0,0.0,0.0,4.0,0.0,3.311971426,3.833155632
7,SMSM,1.0,2.0,1.0,4.0,0.6666666666666666,13.0914073,15.0914073
7,MMMM,4.0,0.0,0.0,4.0,0.0,6.686832547,8.686832547
7,MSMM,4.0,0.0,0.0,4.0,0.0,6.36123836,7.1991244555
8,MSMS,3.0,1.0,0.0,4.0,0.25,5.1852686405,8.814405203
8,MMMS,2.0,2.0,0.0,4.0,0.5,5.871679067500001,6.4039399625
8,SSSS,4.0,0.0,0.0,4.0,0.0,10.2275576615,
8,SMSS,4.0,0.0,0.0,4.0,0.0,9.290507676,
8,SSSM,2.0,2.0,0.0,4.0,0.5,8.5997134445,12.02109814
8,MSMM,3.0,1.0,0.0,4.0,0.25,9.966377733,9.039890766
8,SMSM,2.0,2.0,0.0,4.0,0.5,11.207029460000001,14.207029460000001
8,MMMM,2.0,2.0,0.0,4.0,0.5,7.772490144,7.5111056565
9,SMSS,4.0,0.0,0.0,4.0,0.0,6.589841485,
9,SSSS,4.0,0.0,0.0,4.0,0.0,10.05392885,
9,MSMS,4.0,0.0,0.0,4.0,0.0,5.396817327,6.396817327
9,MSMM,4.0,0.0,0.0,4.0,0.0,6.474905491,8.199577094
9,SMSM,2.0,1.0,1.0,4.0,0.3333333333333333,9.465635061,12.2774869225
9,MMMM,2.0,1.0,1.0,4.0,0.3333333333333333,8.966759443,10.451400755
9,MMMS,4.0,0.0,0.0,4.0,0.0,5.4819669725,6.4819669725
9,SSSM,2.0,2.0,0.0,4.0,0.5,7.663897872,10.378785615
10,SMSS,3.0,1.0,0.0,4.0,0.25,2.959906459,4.471908808
10,MSMS,1.0,3.0,0.0,4.0,0.75,2.4035060405,2.522122383
10,SSSS,2.0,2.0,0.0,4.0,0.5,2.9566913845,5.9259879589999995
10,SMSM,2.0,2.0,0.0,4.0,0.5,4.11383152,6.165197134
10,MSMM,4.0,0.0,0.0,4.0,0.0,3.375346303,4.603129625499999
10,MMMM,4.0,0.0,0.0,4.0,0.0,5.2556860445,6.7256530525
10,SSSM,0.0,4.0,0.0,4.0,1.0,3.9379690885,5.4379690885
10,MMMS,1.0,3.0,0.0,4.0,0.75,2.7801384925,6.694800377
11,MSMS,1.0,3.0,0.0,4.0,0.75,3.8272314069999998,4.393449545
11,SSSM,3.0,1.0,0.0,4.0,0.25,4.898475170499999,6.500040293
11,MMMS,3.0,1.0,0.0,4.0,0.25,3.4808781145000003,5.419832945
11,SMSS,4.0,0.0,0.0,4.0,0.0,3.3679754734999996,
11,SSSS,3.0,1.0,0.0,4.0,0.25,3.5841242075,21.34442067
11,MSMM,3.0,1.0,0.0,4.0,0.25,4.4562035795,7.687863111
11,MMMM,3.0,1.0,0.0,4.0,0.25,3.5309633015,6.984930992
11,SMSM,3.0,1.0,0.0,4.0,0.25,3.974298,12.29044938
12,SMSM,2.0,2.0,0.0,4.0,0.5,8.084105253,8.207029462000001
12,MMMS,3.0,1.0,0.0,4.0,0.25,5.871679067500001,6.369358778
12,MMMM,4.0,0.0,0.0,4.0,0.0,6.772490144,7.772490144
12,SMSS,4.0,0.0,0.0,4.0,0.0,7.290507674,
12,SSSS,3.0,1.0,0.0,4.0,0.25,10.575334665,12.61032391
12,MSMS,4.0,0.0,0.0,4.0,0.0,5.1545755865,6.1545755865
12,MSMM,4.0,0.0,0.0,4.0,0.0,6.902077675,7.902077675000001
12,SSSM,2.0,1.0,1.0,4.0,0.3333333333333333,9.387600899,14.02109814
13,SSSS,1.0,3.0,0.0,4.0,0.75,2.8211688995,3.823827744
13,MSMS,1.0,3.0,0.0,4.0,0.75,2.7855945825,6.476723194
13,MSMM,3.0,1.0,0.0,4.0,0.25,3.5745058060000003,4.687863111
13,SSSM,1.0,3.0,0.0,4.0,0.75,2.3984751705000003,3.762880087
13,SMSM,2.0,2.0,0.0,4.0,0.5,2.6719318625,8.302075743
13,MMMM,2.0,2.0,0.0,4.0,0.5,2.6945323945,6.0309633015
13,MMMS,1.0,3.0,0.0,4.0,0.75,1.661422372,5.796145439
13,SMSS,1.0,3.0,0.0,4.0,0.75,2.5573596954999998,3.47562623
14,SMSS,1.0,2.0,1.0,4.0,0.6666666666666666,7.969614744,9.306672454000001
14,SSSM,1.0,3.0,0.0,4.0,0.75,7.1043479445,8.190585852
14,MMMM,2.0,2.0,0.0,4.0,0.5,5.186832547,6.205002427
14,MSMS,0.0,4.0,0.0,4.0,1.0,3.4865517615,
14,MMMS,0.0,4.0,0.0,4.0,1.0,10.4110600945,
14,SMSM,2.0,2.0,0.0,4.0,0.5,6.920247078,10.195142627
14,MSMM,2.0,2.0,0.0,4.0,0.5,4.4094650745,7.3852432965000006
14,SSSS,1.0,3.0,0.0,4.0,0.75,6.0315800905,9.839278936
15,SSSM,0.0,2.0,2.0,4.0,1.0,2.2401686905,7.676861286
15,MMMS,1.0,2.0,1.0,4.0,0.6666666666666666,2.171690941,9.157499075499999
15,SMSS,3.0,1.0,0.0,4.0,0.25,4.3375658989999994,9.210815907
15,MSMM,3.0,1.0,0.0,4.0,0.25,3.4508799315,4.880097866
15,SMSM,3.0,1.0,0.0,4.0,0.25,2.8223524095,3.956879616
15,SSSS,3.0,1.0,0.0,4.0,0.25,3.2993855475,6.475857973
15,MSMS,0.0,4.0,0.0,4.0,1.0,2.208129883,
15,MMMM,2.0,2.0,0.0,4.0,0.5,2.8201874495,5.417766332999999
17,SSSS,1.0,3.0,0.0,4.0,0.75,2.60833776,3.915718079
17,MMMS,2.0,2.0,0.0,4.0,0.5,3.094598532,5.3931905035
17,MSMS,2.0,2.0,0.0,4.0,0.5,3.013394475,7.4490091815
17,MMMM,4.0,0.0,0.0,4.0,0.0,2.614158392,3.614158392
17,SMSS,2.0,2.0,0.0,4.0,0.5,2.5550029275,7.402604935499999
17,SSSM,1.0,3.0,0.0,4.0,0.75,3.100866795,3.708494663
17,MSMM,4.0,0.0,0.0,4.0,0.0,2.869739294,4.369739294
17,SMSM,0.0,4.0,0.0,4.0,1.0,2.8047460314999997,4.025643468
18,MSMS,2.0,2.0,0.0,4.0,0.5,7.4035060405,8.1290831565
18,SSSM,0.0,3.0,1.0,4.0,1.0,6.81337285,8.937969088500001
18,MSMM,4.0,0.0,0.0,4.0,0.0,6.041914344,8.4365615845
18,SMSM,2.0,2.0,0.0,4.0,0.5,8.3047885895,9.6138315225
18,SMSS,4.0,0.0,0.0,4.0,0.0,8.45707047,
18,SSSS,2.0,2.0,0.0,4.0,0.5,6.925987959,6.6971281765
18,MMMS,3.0,1.0,0.0,4.0,0.25,7.1912430525,9.865476608
18,MMMM,4.0,0.0,0.0,4.0,0.0,7.269466281000001,9.321128251000001
19,MSMM,3.0,1.0,0.0,4.0,0.25,7.902077673000001,10.91129065
19,MSMS,1.0,3.0,0.0,4.0,0.75,6.525439024,11.55613208
19,SSSM,2.0,2.0,0.0,4.0,0.5,9.4059273005,8.8273119935
19,MMMM,3.0,1.0,0.0,4.0,0.25,7.603119612,9.136539221
19,SMSS,2.0,2.0,0.0,4.0,0.5,6.45303607,8.9764040725
19,SSSS,2.0,2.0,0.0,4.0,0.5,7.075334668,14.25426006
19,MMMS,2.0,2.0,0.0,4.0,0.5,8.9810876845,11.481087685
19,SMSM,2.0,2.0,0.0,4.0,0.5,7.367290616,9.2070294595
20,SSSM,3.0,1.0,0.0,4.0,0.25,2.3957407475,5.301605701
20,SSSS,3.0,1.0,0.0,4.0,0.25,1.332698226,2.340468407
20,MMMM,0.0,4.0,0.0,4.0,1.0,1.484332323,
20,MSMS,0.0,2.0,2.0,4.0,1.0,2.2650847435,6.850336313
20,SMSM,3.0,1.0,0.0,4.0,0.25,1.943153024,3.332911253
20,MSMM,3.0,1.0,0.0,4.0,0.25,2.6634204390000003,3.925405264
20,MMMS,1.0,2.0,1.0,4.0,0.6666666666666666,1.22820282,3.22820282
20,SMSS,3.0,1.0,0.0,4.0,0.25,2.098827958,3.176560402
21,MSMM,4.0,0.0,0.0,4.0,0.0,4.1672297715,9.1672297715
21,MSMS,4.0,0.0,0.0,4.0,0.0,3.2293635605000004,6.2293635604999995
21,MMMS,4.0,0.0,0.0,4.0,0.0,4.5132153035,6.686977506
21,MMMM,4.0,0.0,0.0,4.0,0.0,3.5503034595000003,6.886759043
21,SMSS,0.0,4.0,0.0,4.0,1.0,2.596251607,5.6259760855
21,SSSM,0.0,4.0,0.0,4.0,1.0,2.986332655,4.486332655
21,SMSM,0.0,4.0,0.0,4.0,1.0,2.8328231575,6.3348097805000005
21,SSSS,0.0,4.0,0.0,4.0,1.0,5.118606329,8.1231768135
22,SMSM,0.0,4.0,0.0,4.0,1.0,8.305363895,11.304746035
22,MMMM,3.0,1.0,0.0,4.0,0.25,5.8618189095,8.389944792
22,SSSM,3.0,1.0,0.0,4.0,0.25,5.3687250615,6.804836273
22,SSSS,0.0,4.0,0.0,4.0,1.0,7.1083377599999995,10.200908303999999
22,SMSS,4.0,0.0,0.0,4.0,0.0,5.749034524,
22,MSMM,3.0,1.0,0.0,4.0,0.25,5.8329274655,5.676713943
22,MSMS,2.0,2.0,0.0,4.0,0.5,5.513394475,4.982887626
22,MMMS,2.0,2.0,0.0,4.0,0.5,2.594598532,4.8425437215
23,SMSS,3.0,1.0,0.0,4.0,0.25,6.3218598365,7.674104929
23,SMSM,1.0,3.0,0.0,4.0,0.75,6.976614237,12.805454015
23,MSMS,2.0,2.0,0.0,4.0,0.5,4.3961479665,6.8331556319999995
23,SSSM,2.0,2.0,0.0,4.0,0.5,6.207498789,11.349788310000001
23,MMMS,1.0,2.0,1.0,4.0,0.6666666666666666,5.552605391,12.78913665
23,SSSS,3.0,0.0,1.0,4.0,0.0,4.223881245,21.4454124
23,MMMM,3.0,1.0,0.0,4.0,0.25,5.958987951,8.975573778
23,MSMM,3.0,0.0,1.0,4.0,0.0,6.512788773,10.3852432955
24,MMMS,3.0,1.0,0.0,4.0,0.25,8.949599862500001,9.916162968
24,MSMM,4.0,0.0,0.0,4.0,0.0,10.5501822225,12.05724072
24,SSSS,4.0,0.0,0.0,4.0,0.0,8.375418782,
24,SSSM,2.0,2.0,0.0,4.0,0.5,6.9121271375,7.7904440165
24,MMMM,3.0,1.0,0.0,4.0,0.25,7.177498698,9.044453382
24,MSMS,2.0,2.0,0.0,4.0,0.5,3.905723214,4.7772688865
24,SMSS,4.0,0.0,0.0,4.0,0.0,10.929339765,
24,SMSM,2.0,2.0,0.0,4.0,0.5,8.216717005,8.90784359
25,SMSS,0.0,2.0,2.0,4.0,1.0,5.1785473825,12.0850739495
25,MSMM,3.0,1.0,0.0,4.0,0.25,4.6995770935,13.36635566
25,MMMM,1.0,3.0,0.0,4.0,0.75,3.5591522455,3.966759443
25,SSSS,0.0,4.0,0.0,4.0,1.0,4.553928852,7.053928852
25,MSMS,0.0,3.0,1.0,4.0,1.0,2.418008804,23.01319146
25,SSSM,2.0,2.0,0.0,4.0,0.5,1.1638978720000002,1.46113193
25,MMMS,1.0,2.0,1.0,4.0,0.6666666666666666,1.465634823,8.948683381
25,SMSM,2.0,1.0,1.0,4.0,0.3333333333333333,3.716569185,10.46563506
26,SSSM,2.0,2.0,0.0,4.0,0.5,1.8821656705,2.9337493180000003
26,SSSS,1.0,3.0,0.0,4.0,0.75,1.9034595490000001,3.482378244
26,MMMS,4.0,0.0,0.0,4.0,0.0,2.2200009825,4.7200009825
26,SMSM,0.0,4.0,0.0,4.0,1.0,1.92717433,2.61419487
26,MSMS,2.0,2.0,0.0,4.0,0.5,1.595169663,3.7065709824999997
26,MSMM,4.0,0.0,0.0,4.0,0.0,2.7385915515,4.2385915515
26,MMMM,3.0,1.0,0.0,4.0,0.25,1.76091373,2.948445082
26,SMSS,1.0,3.0,0.0,4.0,0.75,2.2055619955,3.729910612
27,SSSM,1.0,2.0,1.0,4.0,0.6666666666666666,9.453731775,8.8861857675
27,SMSM,2.0,2.0,0.0,4.0,0.5,8.652019858,12.091102124999999
27,MMMM,2.0,2.0,0.0,4.0,0.5,7.1443811655000005,10.62902248
27,MMMS,3.0,1.0,0.0,4.0,0.25,5.9323512315,6.465634823
27,SMSS,2.0,2.0,0.0,4.0,0.5,8.8736780885,13.678547385
27,SSSS,4.0,0.0,0.0,4.0,0.0,7.753943801,
27,MSMS,3.0,1.0,0.0,4.0,0.25,5.257724285,8.097439766
27,MSMM,3.0,1.0,0.0,4.0,0.25,7.8081269265,13.58345532
28,SSSS,1.0,2.0,1.0,4.0,0.6666666666666666,7.06332469,11.05392885
28,SMSM,2.0,2.0,0.0,4.0,0.5,8.091102123,7.6040018795
28,MSMS,1.0,3.0,0.0,4.0,0.75,6.5553156139999995,16.4180088
28,MMMM,4.0,0.0,0.0,4.0,0.0,8.736773968,11.23677397
28,SMSS,2.0,2.0,0.0,4.0,0.5,9.8736780885,10.3689105535
28,MSMM,3.0,0.0,1.0,4.0,0.0,7.032798529,13.36635566
28,MMMS,1.0,3.0,0.0,4.0,0.75,7.9323512315,11.46563482
28,SSSM,2.0,2.0,0.0,4.0,0.5,8.171298026999999,13.378785615
29,MMMS,2.0,2.0,0.0,4.0,0.5,6.0863651035,8.9275001305
29,SMSM,2.0,2.0,0.0,4.0,0.5,6.0795178409999995,10.223737361
29,SSSS,3.0,1.0,0.0,4.0,0.25,7.206937074500001,11.66918159
29,SSSM,1.0,3.0,0.0,4.0,0.75,6.3364993335,7.079101086
29,SMSS,1.0,3.0,0.0,4.0,0.75,4.415788889,7.396697283
29,MSMS,2.0,2.0,0.0,4.0,0.5,7.840536833,10.5054469095
29,MMMM,4.0,0.0,0.0,4.0,0.0,6.1294615265,10.635822176000001
29,MSMM,4.0,0.0,0.0,4.0,0.0,7.493329882499999,14.160818455000001
30,MSMS,2.0,2.0,0.0,4.0,0.5,4.135989904500001,8.172700047500001
30,SMSS,2.0,2.0,0.0,4.0,0.5,2.64430058,5.0931801795
30,MMMS,0.0,4.0,0.0,4.0,1.0,2.433628917,
30,SMSM,2.0,2.0,0.0,4.0,0.5,3.080375791,6.277670741
30,SSSM,3.0,1.0,0.0,4.0,0.25,2.5263476375,3.588003874
30,MMMM,1.0,3.0,0.0,4.0,0.75,2.364087224,5.936148882
30,MSMM,1.0,3.0,0.0,4.0,0.75,4.014119029,5.760946512
30,SSSS,1.0,3.0,0.0,4.0,0.75,5.0339185,9.87887454
31,MMMS,2.0,2.0,0.0,4.0,0.5,5.1119896175,5.4733942745
31,MMMM,3.0,1.0,0.0,4.0,0.25,4.398950577,5.655959606
31,SMSS,0.0,4.0,0.0,4.0,1.0,4.3502049445,6.4986172915000004
31,MSMM,3.0,1.0,0.0,4.0,0.25,5.4982422589999995,7.551142454
31,SMSM,1.0,3.0,0.0,4.0,0.75,4.4079807995,6.237278461
31,SSSS,1.0,3.0,0.0,4.0,0.75,4.4730739595,5.413716555
31,MSMS,2.0,2.0,0.0,4.0,0.5,4.039420128,10.3500448455
31,SSSM,1.0,3.0,0.0,4.0,0.75,4.545027494499999,5.568755388
32,SMSS,2.0,1.0,1.0,4.0,0.3333333333333333,2.644347429,5.739354372
32,SSSS,1.0,3.0,0.0,4.0,0.75,1.9078279735,3.027820826
32,SMSM,1.0,2.0,1.0,4.0,0.6666666666666666,2.738722563,3.8495352269999996
32,MMMM,4.0,0.0,0.0,4.0,0.0,1.625346899,3.4205516575
32,MSMS,3.0,1.0,0.0,4.0,0.25,2.0407748225,2.904081345
32,MSMM,3.0,0.0,1.0,4.0,0.0,4.453797817,5.453797817
32,SSSM,1.0,1.0,2.0,4.0,0.5,3.685394287,9.299426079
32,MMMS,0.0,2.0,2.0,4.0,1.0,3.2449309825,5.458210468
33,SSSS,0.0,4.0,0.0,4.0,1.0,5.1813693044999996,3.486098528
33,SMSS,2.0,2.0,0.0,4.0,0.5,3.4026049375,3.9959266185
33,SSSM,2.0,2.0,0.0,4.0,0.5,2.9888072015000002,6.0369780065
33,MMMM,1.0,3.0,0.0,4.0,0.75,3.6141583919999998,8.333693027
33,SMSM,1.0,3.0,0.0,4.0,0.75,1.8053638935,2.52626133
33,MSMS,1.0,3.0,0.0,4.0,0.75,2.5133944749999997,6.147649527
33,MSMM,1.0,3.0,0.0,4.0,0.75,5.3329274655,8.981551886
33,MMMS,3.0,1.0,0.0,4.0,0.25,2.094598532,3.521249533
34,SSSS,0.0,2.0,2.0,4.0,1.0,3.3429547545,3.978528976
34,MSMS,3.0,1.0,0.0,4.0,0.25,3.500587702,3.507346869
34,MMMM,4.0,0.0,0.0,4.0,0.0,2.320428252,2.9278204445
34,MSMM,2.0,1.0,1.0,4.0,0.3333333333333333,1.513792992,3.8407170775
34,MMMS,1.0,0.0,3.0,4.0,0.0,0.690522671,1.690522671
34,SMSS,0.0,1.0,3.0,4.0,1.0,0.702110767,7.3072732685
34,SSSM,1.0,0.0,3.0,4.0,0.0,1.254331827,
34,SMSM,1.0,1.0,2.0,4.0,0.5,2.187958002,6.000606537
35,SSSS,0.0,4.0,0.0,4.0,1.0,3.89617908,6.3036085365
35,MMMM,3.0,1.0,0.0,4.0,0.25,5.5984095335,9.806874275
35,SMSM,1.0,3.0,0.0,4.0,0.75,5.3053638935,6.52626133
35,MMMS,2.0,2.0,0.0,4.0,0.5,5.594598532,8.172010779499999
35,SSSM,0.0,4.0,0.0,4.0,1.0,3.4888072015000002,5.5369780065
35,SMSS,2.0,2.0,0.0,4.0,0.5,6.0550029275,8.189958213
35,MSMM,4.0,0.0,0.0,4.0,0.0,4.365944743,7.829132914500001
35,MSMS,3.0,1.0,0.0,4.0,0.25,4.94900918,7.018878937
36,SMSS,1.0,3.0,0.0,4.0,0.75,7.589841485,7.962383986
36,MSMM,4.0,0.0,0.0,4.0,0.0,4.6936786175,5.969007015
36,SSSM,2.0,2.0,0.0,4.0,0.5,3.8861857650000005,6.588951707
36,SSSS,1.0,3.0,0.0,4.0,0.75,4.4258745909999995,6.06332469
36,SMSM,2.0,2.0,0.0,4.0,0.5,4.652019858,8.591102123
36,MMMS,1.0,3.0,0.0,4.0,0.75,5.448683381,6.381906986
36,MMMM,3.0,1.0,0.0,4.0,0.25,3.736773968,8.966759443
36,MSMS,2.0,2.0,0.0,4.0,0.5,4.438941479,6.715600133000001
37,MSMS,3.0,1.0,0.0,4.0,0.25,6.604976176999999,8.236675739
37,SSSM,3.0,1.0,0.0,4.0,0.25,8.6436713935,8.81337285
37,MSMM,4.0,0.0,0.0,4.0,0.0,7.375346303,8.375346303
37,SSSS,2.0,2.0,0.0,4.0,0.5,5.4089812045,7.697128176
37,SMSS,2.0,1.0,1.0,4.0,0.3333333333333333,12.15092611,13.15092611
37,SMSM,2.0,1.0,1.0,4.0,0.3333333333333333,7.336618185,14.753422978
37,MMMS,3.0,1.0,0.0,4.0,0.25,5.018995285,5.687685728
37,MMMM,4.0,0.0,0.0,4.0,0.0,5.8649414775,6.8649414775
38,MSMM,2.0,0.0,2.0,4.0,0.0,3.3612383599999998,4.86123836
38,MSMS,4.0,0.0,0.0,4.0,0.0,9.0077359675,10.507735965999998
38,SMSS,2.0,1.0,1.0,4.0,0.3333333333333333,3.674104929,17.1589175445
38,MMMS,3.0,1.0,0.0,4.0,0.25,4.8445414305,9.13647747
38,SSSM,1.0,2.0,1.0,4.0,0.6666666666666666,5.224411726,14.19058585
38,MMMM,4.0,0.0,0.0,4.0,0.0,3.932847023,5.932847023000001
38,SSSS,2.0,2.0,0.0,4.0,0.5,5.0798540115,6.5315800905
38,SMSM,0.0,4.0,0.0,4.0,1.0,2.805454016,4.0803495645000005
39,MSMM,4.0,0.0,0.0,4.0,0.0,2.8329274655,4.869739294
39,SSSS,2.0,2.0,0.0,4.0,0.5,3.7009083035000003,5.7009083035
39,MMMS,1.0,3.0,0.0,4.0,0.75,2.8425437215000002,3.265131474
39,MMMM,4.0,0.0,0.0,4.0,0.0,3.8618189095,5.0984095335
39,SMSS,2.0,2.0,0.0,4.0,0.5,3.189958215,4.749034524
39,MSMS,1.0,3.0,0.0,4.0,0.75,3.918502331,5.018878937
39,SMSM,1.0,3.0,0.0,4.0,0.75,2.34488976,4.164753914
39,SSSM,0.0,4.0,0.0,4.0,1.0,3.756665468,4.8205542564999995
40,MSMM,4.0,0.0,0.0,4.0,0.0,6.223129392000001,6.223129392000001
40,SSSM,0.0,3.0,1.0,4.0,1.0,5.018110037,6.018110037
40,MSMS,4.0,0.0,0.0,4.0,0.0,6.3119714259999995,6.923559427
40,SMSS,0.0,2.0,2.0,4.0,1.0,3.6589175464999997,4.674104929
40,SMSM,2.0,2.0,0.0,4.0,0.5,4.5803495645000005,5.861821175
40,MMMS,1.0,0.0,3.0,4.0,0.0,2.552605391,9.8445414305
40,SSSS,0.0,1.0,3.0,4.0,1.0,3.935826778,20.22388124
40,MMMM,3.0,0.0,1.0,4.0,0.0,4.46760273,5.46760273
41,SSSM,2.0,2.0,0.0,4.0,0.5,2.442234993,3.1269999745
41,MSMS,2.0,2.0,0.0,4.0,0.5,3.3880115745,5.204018712
41,SMSS,3.0,1.0,0.0,4.0,0.25,1.4113111495,3.098785639
41,MSMM,1.0,2.0,1.0,4.0,0.6666666666666666,2.003901243,2.097552061
41,SMSM,2.0,2.0,0.0,4.0,0.5,2.501187801,3.7334613799999996
41,MMMS,3.0,1.0,0.0,4.0,0.25,1.4071780445000002,2.755031586
41,SSSS,2.0,1.0,1.0,4.0,0.3333333333333333,2.328038692,3.778290987
41,MMMM,1.0,2.0,1.0,4.0,0.6666666666666666,1.780183077,2.780183077
42,MSMS,2.0,2.0,0.0,4.0,0.5,2.5250173804999996,3.986514926
42,SSSS,1.0,3.0,0.0,4.0,0.75,2.6904788020000003,4.791370392
42,MMMM,3.0,1.0,0.0,4.0,0.25,1.962537885,3.915736437
42,SMSM,2.0,2.0,0.0,4.0,0.5,1.4818018675,3.7356749775
42,SSSM,2.0,1.0,1.0,4.0,0.3333333333333333,3.03674674,8.668781516500001
42,MSMM,3.0,1.0,0.0,4.0,0.25,2.5644129515,4.686597109
42,MMMS,1.0,3.0,0.0,4.0,0.75,3.194018722,6.86488986
42,SMSS,1.0,2.0,1.0,4.0,0.6666666666666666,4.353775978,6.659890652
43,MMMM,4.0,0.0,0.0,4.0,0.0,1.496920347,2.496920347
43,SMSM,1.0,2.0,1.0,4.0,0.6666666666666666,2.628160477,4.578683138
43,MSMS,1.0,3.0,0.0,4.0,0.75,1.8500448465,4.392600775
43,MSMM,3.0,1.0,0.0,4.0,0.25,2.551265478,2.768007517
43,SMSS,3.0,1.0,0.0,4.0,0.25,1.8502049445000002,2.448547125
43,SSSM,2.0,2.0,0.0,4.0,0.5,1.5219377280000002,2.410913587
43,MMMS,1.0,3.0,0.0,4.0,0.75,1.7625827790000002,4.822801113
43,SSSS,1.0,3.0,0.0,4.0,0.75,1.915785909,1.969111443
44,SSSS,2.0,2.0,0.0,4.0,0.5,5.9258745909999995,6.1164937020000005
44,MSMS,3.0,1.0,0.0,4.0,0.25,3.599225998,3.780443192
44,SSSM,0.0,4.0,0.0,4.0,1.0,4.46113193,6.46113193
44,MMMM,4.0,0.0,0.0,4.0,0.0,4.4514007565,7.4514007565
44,SMSS,2.0,2.0,0.0,4.0,0.5,6.085073948,5.6785473825
44,MMMS,4.0,0.0,0.0,4.0,0.0,3.4486833810000004,3.9486833810000004
44,SMSM,1.0,3.0,0.0,4.0,0.75,4.6040018795,5.465635061
44,MSMM,3.0,1.0,0.0,4.0,0.25,3.1936786175,4.354558706
45,MMMS,2.0,1.0,1.0,4.0,0.3333333333333333,5.687685728,9.172513962
45,SMSM,4.0,0.0,0.0,4.0,0.0,8.8047885895,
45,MSMM,4.0,0.0,0.0,4.0,0.0,7.3994725945,8.936561583
45,MMMM,3.0,1.0,0.0,4.0,0.25,7.3349084855,6.799499273
45,MSMS,4.0,0.0,0.0,4.0,0.0,7.2607827185,8.4035060405
45,SSSS,3.0,1.0,0.0,4.0,0.25,9.425987959,23.16642475
45,SSSM,2.0,2.0,0.0,4.0,0.5,8.394977927,14.93796909
45,SMSS,4.0,0.0,0.0,4.0,0.0,8.95707047,
46,MSMS,2.0,2.0,0.0,4.0,0.5,2.302119255,4.7032254935
46,MMMM,3.0,1.0,0.0,4.0,0.25,3.898950577,6.02389884
46,SSSS,3.0,1.0,0.0,4.0,0.25,1.915785909,2.862460375
46,SSSM,0.0,4.0,0.0,4.0,1.0,4.545027494499999,6.045027494499999
46,MSMM,4.0,0.0,0.0,4.0,0.0,4.6066747905,7.1066747905
46,MMMS,2.0,2.0,0.0,4.0,0.5,2.4733942745000004,5.376881957
46,SMSM,1.0,3.0,0.0,4.0,0.75,4.269599438,5.237278461
46,SMSS,2.0,2.0,0.0,4.0,0.5,3.2110298875,6.596959472
47,SSSM,0.0,2.0,2.0,4.0,1.0,3.066069603,8.418645859
47,SMSM,2.0,1.0,1.0,4.0,0.3333333333333333,1.817224741,5.836760759000001
47,MSMS,2.0,2.0,0.0,4.0,0.5,3.140639186,5.927087665
47,SSSS,1.0,2.0,1.0,4.0,0.6666666666666666,3.178852558,5.178852558
47,SMSS,3.0,0.0,1.0,4.0,0.0,3.339786053,9.057169914
47,MMMM,1.0,2.0,1.0,4.0,0.6666666666666666,4.156984091,4.188458681
47,MMMS,0.0,1.0,3.0,4.0,1.0,4.660205364,9.598268986
47,MSMM,1.0,2.0,1.0,4.0,0.6666666666666666,2.155508757,5.09846735
48,SSSM,2.0,2.0,0.0,4.0,0.5,6.496634841,9.163560748
48,SSSS,3.0,1.0,0.0,4.0,0.25,5.4882999654999995,7.669181585
48,MSMS,2.0,2.0,0.0,4.0,0.5,5.505446911,5.3277360205
48,SMSM,3.0,1.0,0.0,4.0,0.25,7.7261234519999995,6.374497652
48,SMSS,1.0,3.0,0.0,4.0,0.75,5.915788889,8.222913265
48,MMMS,2.0,2.0,0.0,4.0,0.5,6.7527529,6.4275001285
48,MMMM,3.0,1.0,0.0,4.0,0.25,5.6358221765,6.556532621
48,MSMM,3.0,1.0,0.0,4.0,0.25,6.585926056,7.299916029
49,SMSM,2.0,2.0,0.0,4.0,0.5,4.61383152,4.665197134
49,MMMS,2.0,2.0,0.0,4.0,0.5,3.2801384925,6.518995285
49,SSSM,2.0,2.0,0.0,4.0,0.5,8.062066316500001,9.43796909
49,MMMM,3.0,1.0,0.0,4.0,0.25,3.7256530525000002,4.739433289
49,MSMM,3.0,1.0,0.0,4.0,0.25,3.8753463029999997,5.338257313
49,SSSS,4.0,0.0,0.0,4.0,0.0,8.649417996,
49,SMSS,3.0,1.0,0.0,4.0,0.25,4.8114174604999995,4.477580786
49,MSMS,3.0,1.0,0.0,4.0,0.25,6.247699498999999,7.973276615
50,MSMM,4.0,0.0,0.0,4.0,0.0,2.975590706,5.475590706
50,MMMS,3.0,1.0,0.0,4.0,0.25,5.871679067500001,11.15054154
50,MMMM,4.0,0.0,0.0,4.0,0.0,3.1031196120000004,6.103119612
50,MSMS,4.0,0.0,0.0,4.0,0.0,3.485341549,5.485341549
50,SSSM,0.0,4.0,0.0,4.0,1.0,3.3273119930000004,5.081387042999999
50,SSSS,1.0,3.0,0.0,4.0,0.75,3.7275576589999995,7.610323906
50,SMSM,0.0,4.0,0.0,4.0,1.0,3.707029462,5.207029462
50,SMSS,1.0,3.0,0.0,4.0,0.75,3.1968052385,4.510908842
51,MSMM,4.0,0.0,0.0,4.0,0.0,3.5775420665000004,4.5775420664999995
51,SSSS,1.0,3.0,0.0,4.0,0.75,2.7514176370000003,4.386646271
51,SSSM,0.0,4.0,0.0,4.0,1.0,2.549982667,4.8060759310000005
51,MMMM,3.0,1.0,0.0,4.0,0.25,1.6273331645,4.463788748
51,MMMS,3.0,1.0,0.0,4.0,0.25,2.9460709095,4.191534281
51,SMSM,0.0,4.0,0.0,4.0,1.0,2.8348097805,4.3348097805000005
51,SMSS,1.0,3.0,0.0,4.0,0.75,2.3366765975,3.921195984
51,MSMS,4.0,0.0,0.0,4.0,0.0,2.3352874515,2.8352874515
52,MSMM,3.0,1.0,0.0,4.0,0.25,6.039424658,10.11472368
52,MMMM,3.0,1.0,0.0,4.0,0.25,5.495433568999999,7.543811321
52,SSSM,1.0,3.0,0.0,4.0,0.75,6.2540330885,9.4129529
52,MMMS,4.0,0.0,0.0,4.0,0.0,5.5863651034999995,7.0863651035
52,MSMS,4.0,0.0,0.0,4.0,0.0,6.8277360205,8.8277360205
52,SMSS,1.0,3.0,0.0,4.0,0.75,6.640273451500001,8.057633638
52,SMSM,1.0,3.0,0.0,4.0,0.75,6.0795178409999995,6.379269838
52,SSSS,1.0,3.0,0.0,4.0,0.75,7.031725645,10.75603294
53,SMSM,1.0,3.0,0.0,4.0,0.75,4.638277054,6.432958126
53,MMMS,2.0,2.0,0.0,4.0,0.5,3.9415141344999998,7.013215303500001
53,MSMS,0.0,4.0,0.0,4.0,1.0,2.649094224,
53,MMMM,4.0,0.0,0.0,4.0,0.0,3.182026267,4.182026267
53,SSSM,1.0,3.0,0.0,4.0,0.75,4.486332655,6.242425919
53,MSMM,3.0,1.0,0.0,4.0,0.25,3.1711672545000003,3.956296444
53,SSSS,3.0,1.0,0.0,4.0,0.25,1.7514176369999999,3.386646271
53,SMSS,2.0,2.0,0.0,4.0,0.5,4.096251607,6.3366765975
54,SMSM,1.0,2.0,1.0,4.0,0.6666666666666666,3.882240057,8.216717005
54,SSSM,2.0,1.0,1.0,4.0,0.3333333333333333,3.439853907,4.439853907
54,MSMS,2.0,0.0,2.0,4.0,0.0,5.6851292845,6.6851292845
54,MSMM,2.0,0.0,2.0,4.0,0.0,2.9902671575,12.43788528
54,MMMS,3.0,1.0,0.0,4.0,0.25,5.3074291945,7.916162968
54,SSSS,0.0,4.0,0.0,4.0,1.0,2.68005836,9.1579058175
54,MMMM,3.0,0.0,1.0,4.0,0.0,2.671589613,3.671589613
54,SMSS,0.0,3.0,1.0,4.0,1.0,1.440901279,3.6232575175
55,SMSS,3.0,1.0,0.0,4.0,0.25,7.0573596955,8.260324717
55,MMMM,2.0,2.0,0.0,4.0,0.5,6.20976007,11.5309633005
55,MSMM,1.0,3.0,0.0,4.0,0.75,4.074505806,4.924467564
55,SSSM,1.0,3.0,0.0,4.0,0.75,7.3984751705,12.29691005
55,SMSM,1.0,3.0,0.0,4.0,0.75,7.4626716375,10.29044938
55,SSSS,2.0,1.0,1.0,4.0,0.3333333333333333,10.34442067,11.34442067
55,MSMS,1.0,3.0,0.0,4.0,0.75,6.7966202495,4.393449545
55,MMMS,2.0,2.0,0.0,4.0,0.5,4.661422372,5.607989192
56,SMSM,0.0,4.0,0.0,4.0,1.0,3.1040018795,4.152019858
56,SMSS,2.0,2.0,0.0,4.0,0.5,1.8689105515,8.3689105535
56,MMMM,0.0,3.0,1.0,4.0,1.0,5.151545048,
56,SSSS,1.0,3.0,0.0,4.0,0.75,1.616493702,5.044533014
56,SSSM,2.0,2.0,0.0,4.0,0.5,2.163897872,6.46113193
56,MSMS,0.0,4.0,0.0,4.0,1.0,2.257724285,
56,MMMS,2.0,1.0,1.0,4.0,0.3333333333333333,2.465634823,3.9237709044999995
56,MSMM,0.0,3.0,1.0,4.0,1.0,1.583455324,24.03279853
57,MSMM,4.0,0.0,0.0,4.0,0.0,1.792415619,3.292415619
57,MMMS,1.0,2.0,1.0,4.0,0.6666666666666666,1.642781019,3.932601452
57,SSSM,1.0,2.0,1.0,4.0,0.6666666666666666,2.773361921,4.127186179
57,SMSS,0.0,4.0,0.0,4.0,1.0,2.2835603950000003,3.2835603950000003
57,SMSM,3.0,1.0,0.0,4.0,0.25,2.186750412,2.670354366
57,MMMM,3.0,1.0,0.0,4.0,0.25,1.34021163,2.588292122
57,MSMS,2.0,2.0,0.0,4.0,0.5,1.7123806474999999,3.3643300535
57,SSSS,2.0,2.0,0.0,4.0,0.5,2.2750266789999998,3.2750266789999998
58,SSSM,0.0,4.0,0.0,4.0,1.0,3.7809364795000002,7.056293964
58,SMSS,1.0,3.0,0.0,4.0,0.75,3.3990989925,5.431427956
58,MMMS,4.0,0.0,0.0,4.0,0.0,3.1910806894999997,5.272698522
58,MSMM,4.0,0.0,0.0,4.0,0.0,2.3197957275,4.219409108
58,SSSS,2.0,1.0,1.0,4.0,0.3333333333333333,2.957453966,3.225293875
58,SMSM,1.0,3.0,0.0,4.0,0.75,2.624639511,3.172211647
58,MMMM,2.0,1.0,1.0,4.0,0.3333333333333333,2.291795015,4.5689970255
58,MSMS,1.0,3.0,0.0,4.0,0.75,3.3886234760000002,6.457871914
59,MMMS,2.0,2.0,0.0,4.0,0.5,4.4415141345,5.4460709094999995
59,MSMM,3.0,1.0,0.0,4.0,0.25,2.6711672545000003,6.386038065
59,SSSS,3.0,1.0,0.0,4.0,0.25,4.118606329,4.386646271
59,SSSM,1.0,3.0,0.0,4.0,0.75,3.049982667,6.369725943
59,SMSM,0.0,4.0,0.0,4.0,1.0,4.6294908525,6.1294908525
59,MSMS,2.0,2.0,0.0,4.0,0.5,2.8352874515,5.8847990035
59,SMSS,2.0,2.0,0.0,4.0,0.5,2.4509204625,7.096251606999999
59,MMMM,4.0,0.0,0.0,4.0,0.0,3.1273331645,4.682026267
60,MSMM,3.0,1.0,0.0,4.0,0.25,4.3899327515,8.334523439
60,MMMS,2.0,2.0,0.0,4.0,0.5,3.5274751185,5.1660704615
60,SMSM,0.0,4.0,0.0,4.0,1.0,4.7943381075,6.932719469
60,SMSS,1.0,3.0,0.0,4.0,0.75,3.3502049445,5.745371819
60,SSSS,2.0,2.0,0.0,4.0,0.5,3.4157859090000002,7.7507714035
60,MMMM,4.0,0.0,0.0,4.0,0.0,6.21498096,7.898950576999999
60,SSSM,1.0,3.0,0.0,4.0,0.75,4.045027494499999,5.521299601
60,MSMS,3.0,1.0,0.0,4.0,0.25,3.2032254934999997,4.013850212
61,MMMM,4.0,0.0,0.0,4.0,0.0,3.9776860475,5.6470565795
61,SMSM,1.0,3.0,0.0,4.0,0.75,5.707029462,6.428246975
61,SSSM,0.0,4.0,0.0,4.0,1.0,4.327311993,7.581387042999999
61,MMMS,2.0,2.0,0.0,4.0,0.5,4.7945313455,6.759950160999999
61,MSMS,3.0,1.0,0.0,4.0,0.25,3.6852686405000004,4.41455102
61,SSSS,3.0,0.0,1.0,4.0,0.0,6.200855255,
61,SMSS,1.0,3.0,0.0,4.0,0.75,4.1389324665,10.3951633
61,MSMM,3.0,1.0,0.0,4.0,0.25,5.966377735,8.039890766
62,MMMS,0.0,4.0,0.0,4.0,1.0,4.840866089,
62,MSMM,3.0,1.0,0.0,4.0,0.25,5.9308267830000005,10.6096225955
62,SMSS,2.0,2.0,0.0,4.0,0.5,7.4293397665,9.857007743
62,SMSM,1.0,3.0,0.0,4.0,0.75,5.134093523000001,7.264493227
62,SSSS,2.0,2.0,0.0,4.0,0.5,5.6205872295,10.098434687000001
62,MMMM,3.0,1.0,0.0,4.0,0.25,6.677498698000001,7.310544014
62,SSSM,0.0,4.0,0.0,4.0,1.0,4.031587362,8.153270484
62,MSMS,2.0,2.0,0.0,4.0,0.5,5.712220310999999,7.8406746384999995
63,MSMS,3.0,1.0,0.0,4.0,0.25,4.1545755865,6.814405203
63,MMMM,4.0,0.0,0.0,4.0,0.0,4.739070535,5.239070535
63,MMMS,2.0,2.0,0.0,4.0,0.5,6.4810876845,15.259950158999999
63,SMSM,1.0,3.0,0.0,4.0,0.75,7.367290616,8.428246975
63,SMSS,2.0,2.0,0.0,4.0,0.5,4.6968052385,5.732634902
63,MSMM,4.0,0.0,0.0,4.0,0.0,6.966377735,8.966377735
63,SSSM,0.0,4.0,0.0,4.0,1.0,5.081387042999999,7.581387042999999
63,SSSS,4.0,0.0,0.0,4.0,0.0,9.432291986500001,
64,MMMM,4.0,0.0,0.0,4.0,0.0,3.0617679355,4.061767935500001
64,SMSM,0.0,4.0,0.0,4.0,1.0,2.8325277565,4.3325277565
64,MSMM,4.0,0.0,0.0,4.0,0.0,3.3399764295,4.8399764295
64,SMSS,2.0,2.0,0.0,4.0,0.5,3.8679754734999996,4.4301438335
64,SSSM,2.0,2.0,0.0,4.0,0.5,3.3984751705000003,4.0298950675
64,MMMS,2.0,2.0,0.0,4.0,0.5,2.9808781145000003,3.9808781145
64,SSSS,1.0,3.0,0.0,4.0,0.75,3.796859503,5.769891262
64,MSMS,2.0,2.0,0.0,4.0,0.5,3.1471284625,4.327231406999999
65,SMSS,4.0,0.0,0.0,4.0,0.0,6.8570077419999995,
65,MMMS,1.0,3.0,0.0,4.0,0.75,4.4997376204999995,10.69869542
65,SSSM,2.0,2.0,0.0,4.0,0.5,6.2904440165,12.14103413
65,SSSS,4.0,0.0,0.0,4.0,0.0,4.1205872295,
65,MMMM,3.0,1.0,0.0,4.0,0.25,3.9393053050000004,9.834157228
65,SMSM,2.0,2.0,0.0,4.0,0.5,6.407843590000001,7.777443886
65,MSMM,3.0,1.0,0.0,4.0,0.25,4.4902671575,6.9902671575
65,MSMS,2.0,2.0,0.0,4.0,0.5,3.405723214,7.2772688865
66,MSMS,1.0,3.0,0.0,4.0,0.75,4.4035060405,5.522122383
66,MSMM,3.0,1.0,0.0,4.0,0.25,4.8994725945,6.412435293
66,SSSS,1.0,2.0,1.0,4.0,0.6666666666666666,6.227831602,10.697128176
66,MMMM,4.0,0.0,0.0,4.0,0.0,6.2556860445,9.3349084845
66,SSSM,1.0,3.0,0.0,4.0,0.75,6.1436713935,7.310759783
66,SMSS,4.0,0.0,0.0,4.0,0.0,7.296579122500001,
66,SMSM,1.0,3.0,0.0,4.0,0.75,5.9762096405000005,8.336618185
66,MMMS,3.0,1.0,0.0,4.0,0.25,4.930099845,6.172513962
67,MMMM,4.0,0.0,0.0,4.0,0.0,3.614158392,5.114158392
67,SMSM,0.0,4.0,0.0,4.0,1.0,3.3047460315,5.804746031500001
67,SSSS,0.0,4.0,0.0,4.0,1.0,2.60833776,5.8231475355
67,MSMM,3.0,1.0,0.0,4.0,0.25,2.8291329145,3.684303045
67,MMMS,3.0,1.0,0.0,4.0,0.25,2.1720107795,3.265131474
67,SMSS,2.0,2.0,0.0,4.0,0.5,2.4959266185,4.0550029275
67,MSMS,3.0,1.0,0.0,4.0,0.25,1.5133944750000001,2.879139423
67,SSSM,0.0,4.0,0.0,4.0,1.0,3.8205542565,7.3205542564999995
68,SSSS,2.0,1.0,1.0,4.0,0.3333333333333333,4.915718079,11.608337759
68,SMSM,2.0,2.0,0.0,4.0,0.5,4.304746031500001,6.3053638935
68,SSSM,2.0,2.0,0.0,4.0,0.5,3.0369780065,4.2566654680000005
68,MMMS,2.0,2.0,0.0,4.0,0.5,3.094598532,4.8931905035000005
68,SMSS,1.0,3.0,0.0,4.0,0.75,4.249034524,5.901432514
68,MSMM,3.0,1.0,0.0,4.0,0.25,3.680508494,4.676713943
68,MMMM,3.0,1.0,0.0,4.0,0.25,2.8618189095,5.389944792
68,MSMS,3.0,1.0,0.0,4.0,0.25,6.418502331,6.818125725
69,SMSS,2.0,2.0,0.0,4.0,0.5,4.3679754735,5.3679754735
69,MMMM,4.0,0.0,0.0,4.0,0.0,4.20976007,5.20976007
69,MMMS,2.0,2.0,0.0,4.0,0.5,3.349578619,5.480878114499999
69,SSSM,1.0,3.0,0.0,4.0,0.75,5.014077067500001,6.265274048
69,SMSM,1.0,3.0,0.0,4.0,0.75,3.9626716375,4.290449381
69,MSMS,4.0,0.0,0.0,4.0,0.0,3.7549834250000003,4.2855945825
69,MSMM,4.0,0.0,0.0,4.0,0.0,3.4562035795000003,5.4562035795
69,SSSS,2.0,2.0,0.0,4.0,0.5,3.5571559665,5.3211688995
70,MSMS,0.0,4.0,0.0,4.0,1.0,0.5182124375,
70,MMMM,2.0,2.0,0.0,4.0,0.5,1.3633841275,3.7422568795
70,MMMS,1.0,3.0,0.0,4.0,0.75,2.27160275,2.70656848
70,SMSS,3.0,1.0,0.0,4.0,0.25,2.0273485184999998,2.997131109
70,SSSS,2.0,2.0,0.0,4.0,0.5,1.984839797,3.093833327
70,SSSM,2.0,1.0,1.0,4.0,0.3333333333333333,3.12830019,4.4270265105
70,SMSM,2.0,2.0,0.0,4.0,0.5,1.4459404944999998,2.2582873105
70,MSMM,3.0,0.0,1.0,4.0,0.0,2.530802727,3.4536296130000004
71,SMSM,1.0,3.0,0.0,4.0,0.75,1.4079807995,3.628160477
71,SSSS,3.0,1.0,0.0,4.0,0.25,1.4730739595,0.969111443
71,MMMS,2.0,2.0,0.0,4.0,0.5,1.262582779,1.1660704615
71,MSMM,3.0,1.0,0.0,4.0,0.25,3.551265478,6.551142454
71,MMMM,1.0,3.0,0.0,4.0,0.75,2.3399292230000004,4.02389884
71,SMSS,2.0,1.0,1.0,4.0,0.3333333333333333,1.745371819,12.7110298875
71,MSMS,3.0,1.0,0.0,4.0,0.25,1.5394201280000002,3.392600775
71,SSSM,0.0,4.0,0.0,4.0,1.0,1.5219377280000002,2.457731247
72,SSSM,0.0,4.0,0.0,4.0,1.0,5.014077067500001,5.63146019
72,MMMS,1.0,3.0,0.0,4.0,0.75,4.980878114499999,6.796145439
72,MSMS,3.0,1.0,0.0,4.0,0.25,5.1471284625,5.393449545
72,MMMM,4.0,0.0,0.0,4.0,0.0,6.1637277605000005,7.1637277605000005
72,SMSS,3.0,1.0,0.0,4.0,0.25,6.949708939,8.639093161
72,MSMM,3.0,1.0,0.0,4.0,0.25,5.458278656,5.924467564
72,SSSS,2.0,2.0,0.0,4.0,0.5,7.0571559665,5.8211688995
72,SMSM,2.0,2.0,0.0,4.0,0.5,6.4626716375,7.462671637
73,MSMM,3.0,1.0,0.0,4.0,0.25,6.402077675,7.039890766
73,SMSS,2.0,2.0,0.0,4.0,0.5,5.232634902,5.9764040705
73,SSSS,3.0,1.0,0.0,4.0,0.25,8.075334668,8.896409273
73,MMMS,3.0,1.0,0.0,4.0,0.25,4.9039399625,9.369358778
73,MSMS,1.0,3.0,0.0,4.0,0.75,6.6852686405,8.814405203
73,SMSM,1.0,3.0,0.0,4.0,0.75,7.707029462,6.985811949
73,MMMM,4.0,0.0,0.0,4.0,0.0,6.1470565795,10.147056581000001
73,SSSM,1.0,3.0,0.0,4.0,0.75,8.0997134435,7.775173187
74,SMSM,1.0,3.0,0.0,4.0,0.75,8.753422975500001,7.615801096
74,SMSS,2.0,2.0,0.0,4.0,0.5,7.4747447970000005,11.314253449999999
74,MMMS,2.0,1.0,1.0,4.0,0.3333333333333333,3.865476608,7.172513962
74,SSSM,1.0,3.0,0.0,4.0,0.75,6.9379690885,6.81337285
74,MMMM,3.0,1.0,0.0,4.0,0.25,4.8349084855,5.930383682
74,SSSS,1.0,3.0,0.0,4.0,0.75,5.9566913845,8.685551167
74,MSMM,4.0,0.0,0.0,4.0,0.0,5.8994725945,9.899472592999999
74,MSMS,3.0,0.0,1.0,4.0,0.0,4.284889698,6.2607827185
